,id,y_pred
0,-6DxFhg3tIIDD_QJ7VACSw,1
1,-921IbWdp3OwxwBx0CT2Ug,1
2,-A4qIYXoFQWuRa4_WzT-KA,2
3,-bsr7U4et1EKzYOQvxmJSA,1
4,-EOo9ME_txEQv58fMA_N6g,1
5,-fFPbUo9bcl8brCBHMgXqw,1
6,-jIgr3BcRSkUYz_2PZJJEA,1
7,-ljtYm3fkCH1l4wqf48a6A,1
8,-MISk9abjWv1XkFifx6fdg,1
9,-NAKaiXDaORVT9rSYz7PMA,2
10,-OHvWj1nijxo5z4N_-PlPw,2
11,-QcADcjlC8wMLAX70tur4Q,1
12,-tPFyoFYBwLvSIBSkWxXvQ,1
13,-vxZQ1wzx-iryJbt0DsGMA,2
14,-Ya6G0zIDGv-IV9x_ULP2A,2
15,-zSGwm57zEfCV6VcDgzaAw,1
16,0503jhgVim5mM9HHX_IoXg,2
17,0bi0d-jZtxPVzht3-GcUdA,2
18,0HoiS9mjvuh9Zg_Y9w3LxA,1
19,0J-Oy-fwxsSYOD_OTo2P1A,2
20,0k3oaXvp76Er7aUokd5Slw,2
21,0krA28AVBARLz6etsOqRXg,2
22,0lLITE7ErzP6zf1nwFmvIA,1
23,0OQI-uQZR3vA-F71Hy3Jyg,2
24,0TSwF6Uwn9bNU49s4S0R5g,1
25,0uhimRTkHEuFWQKrVt_RWQ,2
26,0YsoM1JFGwKpeYKE06LD-A,1
27,0YZjK7wN8zuKAsiDOESMBA,2
28,11xalXVkgM4_QDuKnFj8Qw,2
29,1HyvB-EmdSzY9nwriuipZg,2
30,1LltAbg9gl1t_ye2ajUYnw,1
31,1LsXwlqMeeLWCA6Jzef61Q,2
32,1Na6evUu4xvUPr-X3CDJEg,1
33,1o9DhZiEmeYMBIhgf724lQ,2
34,1PjClKHsl3BYisHpnhNk8w,2
35,1SHr4WI1RCSEGfyjpDfVsA,1
36,2-P854GFX4oEuCA3jqKT_w,1
37,21XLWeBMD63iE4KVNrL6Zw,1
38,2doi5EBmcE8twNGWY3aOrQ,1
39,2HmKPDlTm7GQ8fhH_pCNWw,2
40,2LHfjPW9EBj45GvSKgWNMQ,1
41,2Ms91g4tSe7_bnD8PcspDw,2
42,2qhH3VLLFiuo24rX67ctDw,1
43,2RzJ9CwEi9HYEsCYgmvwmg,2
44,2TFp5B_7gYnQZm2RCO0a2A,1
45,2UkIcThTdFXuyzrL-XI0Ew,2
46,2y-b4BDfOzYYN1ASEh0I2w,2
47,2YDXAcfewHjoJzbN9lA0rw,1
48,303aHe6ffRyxp1HLWKXfXg,1
49,30n6NYaqNkLub6PQeUgyMA,1
50,31fAhl17mcZeFpVtir78-A,2
51,34vqxUtqaxbdCJkQP_QKsg,2
52,35ziiGg2v2ddJSdfLkxJEA,2
53,38okJVizT9D00JcCTBRpww,2
54,3DpCruXPHlbFeXQko9hREA,1
55,3ewNJQRiV0q4F_UGYLouow,2
56,3I7Dv2sTIGel55777Egaow,2
57,3o_GsIWQ35_qXEeDlIXd2Q,2
58,3S7IKLs0JB3AJBhgjVRDiQ,2
59,3TdDfoN-9ziLrfrqil2mFw,2
60,3V5ejhWZ8DRJ3S3PUVetFg,2
61,4-bTOSbHSXZwPi0JwJDgrA,2
62,43YdtjnXCPhs64zKFd8_tA,2
63,46MjsF4l5PqLN4c4E_WJLw,2
64,4EbYKD9gkyQEWAxyV_7phw,2
65,4jp-rq1TgFzWoXGjmMB0yA,2
66,4kJpX9SzQ9iM7q4JEkAdxw,1
67,4oRrXj_ps0yW-pHqer0yGg,2
68,4pusSLE-y--UGswP0vzdRA,2
69,4Rdgvs9SBg5KNHywvUZf_g,2
70,4shuTZGWLqYp_W_sC2K8xA,1
71,4unb79SHTOiQRC2JOQi9fg,2
72,4VPB2YX81n752U0MjkyJTg,1
73,4wbfPUMktVVhqUrhZ5yb2A,1
74,4WDnlRsOXzugPfry9cV2mQ,1
75,4wIRW05U2ZQco7YDxx1r1A,1
76,4ybtzAf-Mj2UHFixGcQLdw,1
77,5-0tM2_KDVfqSvL84264fg,2
78,50O3BpNGsfB4QnPW5g959Q,1
79,53ojEeMvzcjNj8sXIGvTBA,2
80,5BCthAQwA9nuzyr_zo9R2Q,2
81,5kWRL-sUiryuxaz431iBgQ,2
82,5nWSk7LhW2bcG_cq9tlYfA,1
83,5OfSTT681wN73gzv0XVaNA,1
84,5QffR56cbvFErUvTuYd8zA,2
85,5tEgRCV2nql6aJO6R4db3Q,2
86,5U8TP-9qvOF-03RcC9zIoQ,1
87,5uC3OIwu7lzcU8v5YW-d9A,2
88,5xLHrnNLOO3wKLcgzHBfWA,2
89,60bLpKbPcSjyEExN93uCug,2
90,69d6-Ag7fuHB_uiKKMiqIQ,2
91,6A_5CGX19KKFu54HaPffsA,2
92,6CEaqtmFrwjtEmg80jPaxg,2
93,6Dds7QSylPrQS5J1FMA8bg,2
94,6I4y9Ob-i8w2bkkwqgNVmQ,2
95,6OiQLPpE7eP-jKROMKMcwA,2
96,6Qt8TdrvB8MFa1nwlrDUjw,1
97,6XXT-cf-Klb8vg7qqPq2XA,1
98,7-c71OwJE4lpQLxoyrke1Q,1
99,71QlH2xNN2moqrrsbvjTyg,2
100,76hIZMzHZ_lFM0p2N7_gRQ,1
101,773mvgXiHjTHkYGXUgUQ2w,2
102,7bdDMUaM5Z_1HYscxTy2UQ,2
103,7BmLLPH1eZJhfjZs3LG3qA,2
104,7E5qq9iYYIYYHWbYBCxgYA,1
105,7Ew8iDTlTe3pW5li9GfK-g,2
106,7goqMKTmmD4hy3ktZB9IOg,2
107,7nKj53wkuZaWv1ij2JN2MQ,1
108,7OJt1uN3oNM3Ctd5m4hxxQ,1
109,7PulGa-e7l281FaPpktOkA,1
110,7QrTErQTO-3h1nD1zgbmAQ,1
111,7rypfe3SWieQqSnkZ80d5A,2
112,7S4EIHnRxMIvfBtuvSacLA,2
113,7SGoOxSzKfyvluxVUsMDEw,2
114,7Wzj8_5DYjl23X_KpsKyfw,2
115,7XBhON1fkgALYEq_QgI3Rg,2
116,7xjTlK8kdxaEyUChK0eOsg,1
117,81xXGJ0vYo5BFJR6HbWw1A,1
118,8a4y1JhJUXe1iSL_ynYP8w,2
119,8eKK483VCcAOLW5yxHN3Ag,2
120,8EQ0uf3qly14Jlwdn9AQEg,2
121,8erzLuJboxkU0lrzxG1rkQ,2
122,8GSqfYkl-SvvF-kyMR9K1A,1
123,8GWDZOSRrTm-d8xHKBFIXQ,2
124,8KCsZi3I8yt5NuX7vmOHRw,2
125,8nDyiwXQPBz_N9BzJxzV7g,1
126,8nL15RbFDUwlRauf3SUT8A,2
127,8OyFwoTbf_8vCAueRNdMZw,2
128,8q9tcZygXtE6wVx6uQqFHg,1
129,8S-qxX9ueCDR-dfeMfRQSw,2
130,8sMURvlgRzKG8xCIb8BivA,2
131,8TYKrAqW4ijAW-p_FLWEWQ,2
132,8u8tNJEveuPikddnqvpItA,2
133,8uHlU37dTKfhvhxvnkifHA,1
134,8V-Ggzzn3XulWwWyeKEEwA,2
135,8wJzmLS5fYpfgQ24iKKcnw,2
136,8xL0HSSrkUYbR3fypJORzg,2
137,8Y9TA_kxq-hHeDJPGFksEg,2
138,91q0qSR-j81euNKD9d3SNQ,2
139,92Phpld_7JAiPetwwdhr7w,2
140,94M0A53stsBrKb2T_HywWw,1
141,9chOvgIm8tvp8lXoXG_QAQ,2
142,9CtPFKqZZdLweE8x-o4oAA,1
143,9D3kuF5UqsPqYguidoYUKQ,2
144,9F1u-YrJTyqWuT1l9tV-sg,1
145,9Flrfz8U1f961jFf9WsjoA,1
146,9Lw1ViY68P9QPO7UGMkdHA,1
147,9n4Ivt7hEGGnzX3NqxPbdw,1
148,9qFw0fOcpXfbGyjFmS0ZQA,2
149,9rxwfxWc7wgJmWxwoqMZ2A,2
150,9UHtJ5CDpyqgs474Iku8cA,1
151,9ybkscQPHFLgYDcEqInnvw,1
152,9yOZZCq_hW9n7S1ItAajSw,2
153,A-siHJRjCWWQ0p1KnKpadA,2
154,a0cYQWcb__h325Esl4XC_g,2
155,A0X_WEdaR254PZhMN_kACA,1
156,A3Aya8_lU3h6yPxyIIRQ8w,1
157,a3uWYL5TVC61jpkE6hRWXA,2
158,a5UrxbkmFmOQZngrplSEMg,2
159,a6vloMCGWRmQQ6xp72Vy2g,2
160,A6YdGdsSHEgu0-JjNOGRlw,2
161,a7bSaieskYU3CxrlOJ_Ftg,1
162,a9RhjjOLqZ7KUkUfQR1OnQ,2
163,aB92e8qyaHfgNwnvaK-6Qw,2
164,AbClJLouuXh_ryRSa2JKaQ,2
165,Absy7aXFAl7LTjcqc5TEow,1
166,acGMTHs5BqWEEItK8nqtAw,2
167,Ad4lu0ho75SwlsRSQWQCXw,2
168,aG9lPSgKdH-7ncRQ-KIuyA,2
169,AGbDnpKNHPcPBbbc9GycSw,2
170,aGbo0DPc_y2MAgB1-qG0jw,1
171,AhSv7zszljyEYVhxKLWe4A,1
172,ai1MkPwjzCxwPHYje_vtCQ,1
173,aJMJiCDrj1RsNxWlVTe_fA,2
174,AKjRCAELT6FpDAjvzBMrVg,1
175,AKUF8p-w8rowQDons1xh7A,1
176,akZ3JjudCMIPA1rovi5-zw,2
177,AkZorjAseZwfXqR0TWkMMQ,2
178,AMik-D_8wtZGr_1HoQEV5w,2
179,aOk-D4bmvh7ADTeqrrgm4g,2
180,ao_R-9h3A8DvTyawYNYcIg,2
181,aP8uA6LkzBc4q2R0RBRTtA,2
182,ApFJEHlXIqAAroBB0u5vTA,2
183,AuqA0lff1pyP7mquiBzjBQ,2
184,AUTUcSWlzphPSo0YC2J_rA,2
185,avf3Kw3C0ZOmTa7nmC5CHQ,2
186,AxpBhR2iADtoR6WbuBrnFQ,2
187,B-9mncnt5YLKRjwLuyESww,2
188,b0qSvNgzr8u4p-SaVlmfKw,1
189,b2VtmPjNgcPMrcn3uNkN0w,2
190,B2XjZHFsGFazkdYzI55rYA,2
191,b6Ht3SrgGFV-4I8Wm1B3_A,2
192,BeL4pbc6kyIIx_52Tx4vzg,1
193,bGHOsNNJu_DhJwnjYk2p_Q,2
194,bgnrnTPszODJJQ4yWBq03Q,2
195,bI7Kz9L2uuJ7DHldzGD9mw,2
196,bKKn-ikSSqxDelO15-Xp7g,2
197,BkqVXtBFTXTSoc16MXT94g,1
198,blkKpSMZrPBdVdc5e8aaXg,2
199,BmgXIYSA3-aX8CR97U9KUg,2
200,BmpZo6QadxpI-9-P60u2yA,1
201,BN2QQwoJEQunJPQsos_geg,2
202,BOwp78VUF9py4TtxCRyxag,1
203,BpVDzApC_4pD2HSRRrbBUw,2
204,BqiFk-fmRKjEs3Usn5nCKw,2
205,bqVHTjMRtNPbYt-zYrE9qg,2
206,BsSR1Yxlt5meOzvEllUQDA,2
207,btCFTAzzKNbHqe-IuKrG0Q,2
208,BV2E2-sE2EG7IqWWqz-Ckg,2
209,BxEHBOK-KUdQnGS47a8wpQ,2
210,BxmdOuEbixm5Mafoe0hsQA,2
211,BYHV9pgew4nPGcBpE-wd9A,2
212,bZlCXv4lWxUzYa6PMTsPlw,2
213,C1hrCOQPrXgd9pwF4Olryg,2
214,c3cl7L6JTJon4KZNxSrW1A,2
215,c48AiWUaFtw28hZ1RnDsFQ,2
216,C68E-lGdkJujvNEmZmZTTw,2
217,C7Hy45m6xebL42p-hb2NbA,2
218,C8JzGhcO8AKF12nRpfElXw,2
219,ca6g6LtitHRtmzZYYPQw6A,2
220,cBBcg3EaDA7ujEvZTUxScw,2
221,cBU83LFoKldOic-fqE_gOQ,2
222,cCbInvWPJX4Dvn_60Za0-Q,1
223,CeZxjnobGOi71bRx5-UbPQ,1
224,cgUd5O8G3qi51gEDRQ6xNA,2
225,cHZup9pEt4ze9BcMcD1m3w,1
226,Ci6xq3Bc6IbG__Cad6j6hw,2
227,cIhRjmZaCXgoCllRxqW8xA,2
228,CIL0kRkH84upFaKkK3llng,1
229,CJbRhBYAYK1PVIRoCwTYLQ,2
230,cJR6sta1Md3QoTq3xhQq0w,2
231,CjZrJ6PwaT8GH-pq9cDqAA,1
232,CkWRgcvhjRw9Vl8mS6wEpQ,2
233,ck_YMUEjDv1zc4O-MuyawA,2
234,CLNqtW4kJKOGiqKgPpVq3Q,1
235,Cn8bS9qB9Tkd-j5p80gGdw,2
236,CNATPQgruDWBVRjXfzT8KQ,2
237,CNEWxTzyPFjYZEztW-fHzQ,2
238,COcIGDeiPsO2EgN8leNUWg,2
239,CpgQVTjkiqGFzyZsNP0sNw,2
240,cRAd4Bg7f9b9efuE0mqbyA,2
241,CRHqooBYOcnaDSq7n4AQaw,2
242,CW7y2ih-E-2Lz7r0OEur_w,2
243,cxcflJ7iha-9ruET9BinpQ,2
244,cyBq-7hLuqnLgj7SJzlpUw,2
245,cyDnzqBCk_TFAIgycXIULg,2
246,C_BQSPVRh06VN19sMEADSA,2
247,c_jX9LaXVOYIW7Q912mCow,2
248,d2xmNVYXIuX5aXis46e8Yw,1
249,D7Bzi1VhiItOviN2kpmMOA,2
250,Da8hOMZDnLhx6bKq3yz7eA,2
251,DCax2B1wQ30VtTvCtE_w7g,2
252,DeTg2p1Z1AS601YBS0JOIg,1
253,dfX3n3G1xJj0RRZMguWWzA,2
254,dGNABkjBtpRKl3q37yG-hw,2
255,dHGxarxaPjhXntQudgh4pg,2
256,DMsIAZ-Qo7w2KXEdAGKMzA,1
257,dncOhci5mP0xG-2A0bU2Cg,2
258,DO68nJ-cujN2qM8NX068Xg,1
259,do6adguTfx7tplGS6XRFXQ,1
260,DpufRdLNmb6gYG2dhincPQ,1
261,dPXplwnIqU51lZDFU9tTjg,1
262,dQbgJkVgTT3n5Pb0wBEvug,2
263,DqZq4I9crmyiIAgLtlmUfQ,1
264,dr3wnfxnmIeyM4HaDH4odA,2
265,DSQ-hSeuJ7F6P0cRkMfRbA,1
266,DsxYcpAXw0eMyk5MzitGZg,1
267,DtqbvguFUR_T5SKSwrlZgA,2
268,DYqUv8_JKLKkYt3YJB6Whg,1
269,d_yzwvmN2p4_6ahOIbOCGg,2
270,E0whiTjepWTvE6DAR0LBgQ,1
271,E2QNW9gDevZBe-_-lgVWvQ,1
272,e5nDeOV0cLhJ7QrVAOmnBw,2
273,E5YmpYLxlr1GFhwnLiiV9Q,2
274,e73Lrk176BWFD82TMuRG-w,2
275,ecL-_OrbtG1575fimtHrnQ,1
276,eDGyHzSRWZq5MsE8OQqb4w,2
277,edvfF8ijMzIasLg_LZ6PzQ,1
278,eeEh6TwdEOQaYjCpcaZGvg,2
279,EEW6oMfWl_0AqK5c3GQtMg,2
280,EFNMOb1fkLahyhnfKnHGSA,1
281,EGLjwpl7MpsPe6g1pY0E4w,2
282,Ejf3uBHQ5pMzT51g5osANg,2
283,EkkDMnMUjO89wW60RFc5VQ,1
284,EKSJmluNZ-4e38-njokJlQ,1
285,eLrIkLsWdhfz7bZAZOeWHg,1
286,eMoZupt7ralckosVMdBLEw,2
287,EnNuEaBiB64zonmrKcwbaQ,2
288,ENtADDlFxYPA4zdtCVj2Sw,2
289,EPD8aObH0X9i22XMKpXL7A,2
290,ePxt2gtnciGdAmaq5rvSCg,1
291,EQMXVXxEDtZwjG5Tn7jgCA,2
292,eReEsnxtghEl80RYoqUJ_Q,1
293,ErFPkkEvSGxtCPigY0qzvw,2
294,eRUF6ijCa5PyRzWQ0LnsFQ,2
295,ESIfnm2TONiWscJ1P3uc6g,2
296,esJ686oqZ-TY2KZGBSNBcg,2
297,eSMYk5odewc8qPArPlTuOA,2
298,espLXWSo6syv4bgQoL3t0Q,2
299,ESr2OERx2cjYZlrBXOyVjg,1
300,ETHns8G_u8HmnCB5Cy5rsQ,2
301,EUlJrxuRuj6JyiKyBcLnIg,2
302,EuTHqr-f3bUwpOmjPywrwA,2
303,EXkKrtP9DIBGE46jFv5MjQ,1
304,eYbdX8TYeuPoWTvcXhJteA,2
305,ezmPacWBVpVty23hEzKeCg,2
306,f-_HwO6v3KHtRQO3YX8e5w,2
307,f1ndip6gyWPP2_74QvM78Q,2
308,f1ZKDlFautTlYYVWy7oe4A,2
309,F8FsWpaMydT0gT5Ju4Hecg,2
310,f8udWBZPOOErqla92Ko7OA,2
311,fd-2E8VJaD865md0pb_AYg,1
312,FF8sFc7dmfjJyP6z6h7fdQ,2
313,FG6ytq0cgfQ_2Ok7Z30EwQ,2
314,Fg8_VPXrqCi6Mz4E4h6FxQ,1
315,FgGNN_jcftUHcCrVJuttOA,1
316,FGOYlEZw4gws6hYCUgiJSg,2
317,fGXIyVWiMMVvC1bOLiEdBw,2
318,fil7TEJpCn9znYdJFhPHCw,2
319,FivxAwLjfqkjNiw2Zi7jfQ,2
320,fJzrQD-doRptfSHIh53HWQ,2
321,fKcfEVL7edh8IiJsdH6W1g,2
322,FkqQ5-G9wTx_Q2uduX4jwA,2
323,FkTCCTDkWNwZvWFGdL2tlg,2
324,fKu3ASZY3acT0W617klc0w,2
325,fMCZg2fC1-2B567zyAmccA,2
326,FRW7YI7c9dIEpaY2UKxY9g,1
327,FTCJ4u-pgzr0hS_UURvXrg,2
328,ftxF7x_J7GkP_225fSASeQ,2
329,fVpZQ2RhyIxMHxZZfKJF7g,2
330,FwAAcmN_atdE3hend-f8iw,2
331,Fwh9mcNE5emHH108Ju89LQ,2
332,Fx9nyVyDiUxscu38Opj2yQ,2
333,fXGeaRD5dybJdJW5sOkIXA,2
334,fynTAhVUfl68wWsvOWq1-A,2
335,g0cOHseGUpN5CWhqV5SsUQ,2
336,G25ak6jxSRuyMjFSds0WiA,2
337,G3Tm-iLm_gtTrdwHQGxfMA,2
338,g7KBFABMYvRztJ6qCNkFmw,2
339,gB4o5GzDGisth9fvxAcgbQ,2
340,gbNwoL_Lga4GF2X5m-gyQQ,1
341,gcWcTFnY6Sdp6xffvTSLfw,2
342,gDkMnACpGCibqrb0LBolbQ,2
343,GekXWy4vz9etKBYlCTT3jQ,2
344,GGhL-FdP-_guwPexMoVheQ,1
345,GgOL5kJWeNhZuXLw8XBejQ,2
346,GH6EUirC0IflRjlKXOZzAg,1
347,GHgowubQnTZ4K2VcpHew-Q,2
348,Gjqlpb7057mXTLssx7l6yw,1
349,gJufI6MK9brhc83AUxDMiQ,2
350,GKr9SHp2j7-jOwhyMkprxQ,2
351,GksBTgSCT3TmcjyaXeFxcw,2
352,GM7n-Q5GAEfrovzqsM041A,1
353,gMHUtLf9ZHzqG-7cwifHHA,1
354,GMluQhB6kIL7OJLP3FwdRQ,2
355,Gm_tthct6SDAGPzlx-0vcQ,2
356,GNmRsTMXLOQuAaqrYWHsAA,2
357,GOCgUmsIooCEeO4MCUZumA,2
358,gomSgjEesyhMgdN8w2tBOA,2
359,grYAJnZV7U0KprnKscd9RQ,2
360,GSJhQ97GURluRfbZj05mzA,2
361,GskV38Aqnh4L3cFyvLzzDQ,2
362,GSrFBUCVxWmfP9LwFNqd4Q,1
363,gtC8NErDh6B2cwj59MfumA,2
364,gTCeWt259fhWKPMf0HPVVA,2
365,GthcVmYUb5IqG_-uGWMUMQ,1
366,gTpmmYCq4O_MwuzEKzqfaQ,2
367,GU1UT8a7FFYYkre86tX3HA,2
368,gUirKeUAl9GDSZpvZaUyBg,2
369,GVKKw4BRUoDRktElKcNwIQ,2
370,GvqFQ7IhuTMpH2XD-TCJNg,2
371,GxgCkPdldtCZxYmli1Nbiw,1
372,h-g2USt6d8si5akNYFR9eg,1
373,h27gONRhY05ODkiKvlxrkg,1
374,H3a91M8sRg_bcBX6WDIsMw,2
375,h51-SIG-Z_gfKvMaTJUk7g,2
376,h57LWxDNJBzazxEDCItpNw,2
377,h5QHSRp7_rZ3sXkQD-neGA,2
378,H7s5u_e6j0JQA-vihf9TOQ,2
379,H7sfrdU2Kv-Znus5KjT2_w,2
380,hApLAutBGQKP9fkwAX7pCw,2
381,hAxjNn-ToEdShicnetDVYQ,2
382,hcZbuD6zc5xZKBjMgTfWMQ,2
383,HEB9ZLwa3MJyPWfHHC_C-A,1
384,HEyt4puYwugB9kqJB0gAWw,1
385,HG3fWIl3UaoGbYZQwtQ-9Q,2
386,hgkC7vatxScqlotehq4ntQ,2
387,hGKuD2PD7oClRda8IGeALQ,2
388,HIO3Dz0yv3qNObmXov-Org,2
389,hJoBd1waeEXxHD2D0Ak4Ew,2
390,hkhQw-s2viI-Q7vJgBC5LQ,2
391,Hl7KHPss4M1H6wQl-a1NUA,2
392,HlsNzqmIaTYGXTB-pzoQRg,2
393,HNVanVo2HHK4hvLtAsM4yA,2
394,HQFg7TKOyapO_U2yb2n41g,2
395,hQlsm-Asv7ijxlTbJQLirw,2
396,hrBzc-guuvV0SQe80K2djQ,1
397,hSDRGgXGuX2BtgaIi7qm2w,2
398,HU-wUXIW2oFabM1H_xscYg,1
399,hUMgt8F888-1O06p3alIYg,2
400,HvDncEM7H8rqgx6QDJTa9Q,2
401,HX5jAMzBhO6XgWLC2X274w,2
402,h_Dk9A6f2IpOwUQ8UPRhpg,1
403,H_hldoX4xpuWvT0A_OJ5gg,2
404,i2Tfw4idiXFZPxjXPrra_A,2
405,i4UZi85bjnT9fVhe4XBt-g,1
406,I6tQMjI3F-0xIR8aDk_GQQ,2
407,iaL2Fk6q_GAMaOAiSRv8gQ,2
408,IaVQdONtWeK5lmLuJvwxdg,1
409,IC0tjcPa_KFEatDOneX1qw,1
410,IcvXJrSZzQujn8nofftb7A,1
411,ieX2d-FSINkzvmEsztNpdg,2
412,IfUwLodyciXUMzpb1P9mgg,2
413,IGkMeYns7VLgqihB54K2qw,1
414,iGULkBUO8q3BaYNeElcXOw,2
415,Igxt8woTHHQHXe4QJsQ5Zg,2
416,iHrlXrg91yO56pBq1YgzEg,2
417,IHs3ralQjQeLRz3wu010sg,2
418,IJCrNtFwGjcyPuD1tAHJzA,2
419,ILM7l_Hql41UAurB4jpiaA,1
420,iM2_lTOa0WopZazqDkFA4w,1
421,IN3wU5zG_36_tVknxc-dSQ,2
422,Iom-R2Vh3fgH4x7goLTUmQ,2
423,IP851XaP67bKNqzmmj9Ckw,2
424,IPgb0V7z8IHWCgbQ6e2pXQ,2
425,IPqmDxqKndzeOpMRw-rcQw,2
426,ItItxsYr6ZgnpWWHtVcK8w,1
427,itSseA25GPMay70nfMHHNQ,2
428,Ix8VBZwtgkZN8N9Ml1Pxfw,1
429,IxPMuWEwDWS7Md5oCLTX-g,1
430,iy1HbdS1byCgS03EMF2TQw,2
431,IYGVVKboe8pAKqL5Ch7i-w,1
432,iySv0b2P18OAluirUotA2g,2
433,j09qMy3SZ_kfOTITXHjPHw,2
434,J1RpTUUjHvN23sNygS-0wg,1
435,j3xLIzZBIZiTKtkZ9RwIWg,2
436,j4DaSS6OIpAcHA9lQO7AHA,2
437,j5YuNOUD9LZcuOAWzQSPFw,2
438,j6CI8dk81XWUou7TnTsKVw,2
439,j79S3HWOCf_3NZIj6fRFlQ,2
440,J8_lYRI5L22yJWFR7Z0fFA,2
441,jARkxySPi7PF7RrpzD_kxQ,2
442,JD5bZtDlyuLKsybCq0KGqQ,1
443,JDQFoeMBmZnN0r8IdjAyXg,2
444,jH6v2jLUhPbkxSc3xorFyg,1
445,jiHUGDlHu4OlVVA8GvTYZg,2
446,JMM_M5Muzaj8fT2P5hG8lg,2
447,jor_NGxyC_khun8nYUKojQ,2
448,jqSXcSbWJxPNB-oSPWL5WA,2
449,JT3-LJcKCLTQ6ZXL2t6Q5w,2
450,juCriIamAHej2GUzCoLLfA,2
451,jwwRm9PcUEdf6cbvojdmfQ,2
452,JYsiXcJkpB5luDgShjKTSw,2
453,JzFTN_GJMhuglFdUMPARIA,2
454,JzoGNt0LNMWbG9fKIBZwiQ,2
455,J_NoJy_hMKHs70wCN3oznQ,2
456,j_QngibUlEwpx_oUvECV5A,2
457,j_xW6seX3IjgXRftXCFL9Q,2
458,K0Vs1P7xuIP4CzbhY95AOA,2
459,k3GLPbRs-_XgPz83UF1fXA,2
460,K4a806GxVpLHCjeSur0_rw,2
461,K4Sq3cz0-73HWS14K6I6Ng,2
462,K5nMohtloj2hRV9IEwQSdg,2
463,K9nPMtb7gBXEpauvxkjihw,1
464,kA7yzC0ojO_Nm2CRqET48g,2
465,KAmBnVf3rBfh59NU2qh6jA,2
466,Kb9_XmbY2O2SO4gmZ3R1WA,2
467,kBgv9m5ioPdc9GG9LF1Paw,1
468,KCIZLxa_0IU-FCXmHmrdxQ,2
469,Kf7Y43qxatu2B9Io9UIdfA,1
470,KGIWgIG1RUXCjjqClMl3Ew,2
471,kGNbcUFQImtGs0xN0ha9_Q,2
472,kiUT9vIzONCiZIRUbtea2A,2
473,kiXcEqIxJJk773AvrgSyQA,2
474,kIXE5gcgTpiW0-4JY72k5w,2
475,KjBjiRqDQD0WxI_eH4z8gQ,2
476,kJudEFFUbJjijwzyybLAqw,2
477,kKPwLMJGn6sKM1XK34XCaA,1
478,KmuE2VcHvgFd1UMv6HO2_w,2
479,kQR8axzMAfeWwFPwaV-uXQ,2
480,krBiey_dFZ-8DwCp5vmI6A,2
481,krE40X8cRsv95Olg_8Iq3Q,1
482,Krnmywgr3TQbzGNfyiXgTg,2
483,ktzgIAd_TIpvvpRhVTeF6g,2
484,kViH5j4Z4S3OlTSwBEm-Nw,1
485,KxmLgGeQkNIKEyHylPSLeQ,2
486,KZ4efGfDcKsfwnx-X1y-Bg,2
487,k_aTyW6m9Ub3MEt6xdPg6g,1
488,l-m2-1q3yV8MqHvZ4O3IgQ,2
489,l57_sWxadYcQRM5xgGwP5Q,2
490,la4bD4Srq0AY3mStxpl9CA,2
491,Lctis1bDjQRlLU2zCFc7rw,1
492,LFQd0TXUOm7hIbrQB30SwQ,2
493,lgAbbzlmRzzeVWn2be4G6w,2
494,LGpBVHdME-8V1V3qM7ZltQ,1
495,lH59X8XA6SMbL2-YSGfbbQ,1
496,LHZL1u5mTiPT0dJahpxtJA,1
497,LIC3AG5ToqjcB866iupnnA,2
498,lielURy6u1kdFJs_zGs34g,2
499,Li_-HPMTdSVvzPkKXdvy0w,2
500,LjoDDfzQ8s1L6R5VMAIn_Q,2
501,ljRMMW6EKO32f39IlBs2PA,2
502,lKvWgvRu94pEPEButI2Ucg,2
503,lliIy1EvTIXAhDz39V7x-Q,2
504,LLtWaQ0qAETV2yhM-xnGYQ,2
505,Lo-ZLttuXRUnprfYmuf2pw,2
506,LogJNOwwKJwftWm-LOZKWA,2
507,lQmNwqVZAzbI2focT4dCXg,2
508,Lr4gipspq7lMOoVgberJPw,1
509,lrPoCDhW5zBVr4xOHvcvvQ,2
510,lRU-1oFaqCs-ZvtHymx-vQ,2
511,LS72-HGzFJ7vT2tmJfjdCQ,2
512,lVG18YAxJzZh_qPgWOtpiA,2
513,lYSn6f2PNkjCvMVmtuEb8g,2
514,LZ4KK_wwelUtC-haDDg1Jg,2
515,M-HzFnnHyKxAeen8ALZCCg,2
516,M6EMOFEVCtbUKyw2kwt53g,2
517,m6wywXz3vpyIEoc4EIrdCw,2
518,M7qt22oZfME127IERoONNg,1
519,M8AULIysJ7oTgB7TWzRTww,1
520,MdG9P5L9cCZtTnsz2hfKtA,2
521,mFLyAKEl0CL_R4NjD6qTKA,1
522,mgHbV9vfk7h3TPJHNaffjQ,2
523,mIzJwZb1YywfvkIaika8vg,2
524,MLbP36BXbNefVgVxGjJp9w,1
525,MM25_WDmImO8DSkvOB8eaw,2
526,MMupHWRGrrYlrDJnHh37-A,1
527,MmyzcU9lPoquqnn4Afilvg,2
528,mPBP3boVVHvIKZeoR9IotQ,2
529,mPitcivW8j5twhqWDyoi_w,2
530,MSHixEw1H0U9C4V_y3dYMA,2
531,mSu6tYo3gP3Mk9-S4xiONQ,2
532,mUSBBPWcxlIahi0ZKICnlg,2
533,mUVU41xxT_DolBH0dM92ng,2
534,mVA8EIQzNL6z5nkXPsb9Ew,1
535,mxZEkHs2f6fyeeqUwRkinQ,2
536,MY-81blBEE8-UYZcb_CSvw,2
537,MYCtIBcEAUeie4BKRkW-xQ,2
538,Myi04bWFUBXOk4SrC5oMPw,2
539,Myzn7N-pzbIOYiHUNpmANQ,2
540,mZ3OMMwh86JsIjs2o8g57A,2
541,mZqsqXS-Ej7yLHXkMiS8gQ,1
542,N-pbOAr2NYNie39jkvk0-Q,2
543,N2y9S88AAa3hG9rykzJQbg,2
544,n3mTMt3Ki32FFrDuiIDFMQ,1
545,n4nITO4081s1qKyasaQwew,2
546,n4QOVOAt91r2Ocq8bgZmIw,2
547,n8fuyY3IlV6nZJyBaN-53g,2
548,nAQotM6QYSym4s0MgQx6Dw,1
549,nbJSDQDMPopbVf6ASB8a5w,2
550,nCWZR9NRc2grAwP1jq33PA,2
551,nDSuvkZml4uOzL2rIYILHw,2
552,NeB_AL4MrohCjun9vH2sqg,2
553,NEq2_RRSEFA8gWkuGvcG9w,2
554,nf0iMUiTaKslf4Hy1e-VuA,1
555,Nfc_vDP1k5pFHJd-i2bx5g,1
556,NffKrQLVVPorOhCnbrWKOQ,1
557,NfzREfXtZelbJYyEfV-wMg,2
558,ng6KmqP_BMtHfYs_UYZgzQ,1
559,niEBE4lkte3vWLwOrgFyhA,2
560,nJJBu0gt5ANCvoByG6FZZA,2
561,nkIX9J_SIGPk9CKj9buViA,2
562,nKj6zClvu95FyxOHmLKHEg,2
563,NkMwBMUVSsZBmUe0TPsU9A,2
564,nLzM519vEcgt61t25IwP5A,2
565,nm8oVWNtwEsfTPhPcRy7Vw,2
566,NMkRBu_gZQBQ-78ELkisaQ,2
567,nnezw6Oj5O4Gw8Xjjie8Qw,2
568,NNJ-J3i898qoqxIvPYk0DA,2
569,nnL924nQILcUCm0vUu1-bA,2
570,nnYeCY7nb7hyyWkIO2NJ9g,2
571,NoBjEwzLdQJMYDq1NopUJw,2
572,nRsn5TcRWxkSJGT7b6V1Yg,1
573,Nt38RoV9RZnL6x3kl00BKw,1
574,NT9SlCH7sy03vPPDy3_Sag,2
575,NTNZG4w6tvyWjYxaaKfh-Q,2
576,NUd3cNkjM_Tu-yTdFBk_hQ,1
577,NvRHZmkE_n3Uj0xulVv5KQ,2
578,NYpuPZ6VyIooeoeBwvlYNQ,1
579,NYr0qZOgSHxl8SUO7vQO1Q,2
580,O2KIEn2Yi3NURI7WpX_EKg,2
581,O5BuKFt-GpLUEWP0ZYv9aQ,2
582,O5hAp8zRZZlltXUseRutHg,1
583,oA0ifTFL4ZTm6hH-wX1a8A,2
584,obihRBiwViRcvYYeNaqJQQ,2
585,oEWGfdORLSguSS7UjXFk2Q,2
586,oFa0uSSJrrItNdykLJLPWQ,2
587,OfID8Ax9AQltogn1qraVcg,1
588,OfQhFTk5r7uZ5wOrXMUQ1g,1
589,OGtwbOCDX3gP6nXGJbes_A,2
590,ogxYi_2qROvZWSM-nVPmLA,2
591,OiEEvcwDCFff4EKXXdwQVA,1
592,oiTsIc6i_gvQy77IjgD0Gw,2
593,oJEI8pIBy0Da4e84azuphg,2
594,OjGYhuNUS87mn7Y0X4cGRw,2
595,okCOV6X7epUpEwJekiPEkA,2
596,OLQp_QWPByLJX6jmutmdcw,2
597,ON0Lt3bj4CY0tLk_E7P2CQ,2
598,on5Pz_0RZ8eXI8ykBP_4QA,2
599,ON6cyFqA9QeaKxMLi17Q5g,2
600,Ooie81V3PP_nCe4kxO4jvw,2
601,op-_kbJNE6iyX559kgSL1w,2
602,opJFORsVE0aEq3vPUulTrA,2
603,OPPmPwHXKh-xpOZxUn3leQ,2
604,oPum2gSBooCfTO6HyZJduQ,1
605,or4vGWRjOb-3dR_JhKCe5g,2
606,owamJCM5Auh7VT_F5SMWMA,1
607,OXCsXeFwSqqEl10LVZKVeA,1
608,oxJ17pZuKz-UPkjQA9hKSQ,2
609,P17n71Dr4dh5xaKF07qzFw,2
610,P3E9kzrObSxTdUM7xbvBZg,2
611,p3QYJa8kxc4HZwSPicWiVg,2
612,p58zlW3IPC28iwIp56_wBw,2
613,p9Wc1LQuRndvJXtzU5D4gA,1
614,PdXufiaF8NdbESw8jsyM8g,2
615,PEhXGGlo3H3UhxhNFYihQg,1
616,PES-0iceE5tvDhnAti-Nxg,2
617,PFs8ZJTRTfjp04PvVoShMg,2
618,piSv_LhAM_AzaqrtCxK9dw,1
619,PJKa-0E51sFn1CH8vN9wSw,1
620,pK6dZbTwyHP30qVtkCnJHA,2
621,pmxIVXSjg7Q0s0Zn8f0dOA,2
622,pNoCdzyK-dATzger-WzHHQ,1
623,PPovuq91ytzxN5JKnAvQTw,1
624,PqvEBIcXCMP4rAPwqUFwtw,2
625,PQyF_ywHNHg5wOPwEqAUOg,2
626,PRgXcmUg66o1YjlyAR03Ww,2
627,psa1jIO6y0jWlef7NYOwcA,2
628,pv6phUUiLYFnVKb0HfBrrA,2
629,pvePk_12riXKH0NVamXcmQ,1
630,PWNqgD3INmfJ-aUGRy_j9g,1
631,PXQHYanpYoCkZhv1Vbcovw,1
632,Pz3Lqc6i9GAS9yfRRRH56g,2
633,q03aBsDn_KSSsAK8gr8Xdg,2
634,Q2IpdY4pME414JgkRqdT6A,2
635,q4kBAwiv4ta79aQ2BH3pGQ,1
636,q4SUzpRpgChBdWbQY2xaKA,2
637,Q6xBZpiHmYiSU0Q7BokkIA,2
638,QAWlBlWfPOROrMf_Xufbeg,2
639,qbbO_Eg8lTDCv_Sdv51Wsw,2
640,qbCzkZMoJgF1TBOG2eOXnA,1
641,qBJE8meRrFsOGpykZ49Y1A,2
642,QCNo0OvRex2UGCVX5rdAWg,2
643,QgTYYcoTCZW83DWSK57tIg,2
644,ql1VZk-szpCV7K-oQft3BA,2
645,QLaemPqO4IoarGLdvmM0CQ,2
646,QLLpioqwzE5ehXmEJPQcoQ,1
647,QmQvnjmoLt9iIzkNaNKajA,2
648,QmX06nBYvU3XyaNroSuoaw,2
649,qnvuVZiqaXOuMkBIvifQ4Q,2
650,QOmRDvYcBlUQtJIKWx2zQg,2
651,QOs_7yFAXoXg5eFSbUjdYg,2
652,qPAiz-E9CKdFVBb8k5KJ1w,2
653,qPqpg0EGQi774dFhMpxxlg,1
654,qrF5WrXMu7U_hSsgqp2KWQ,2
655,QSnDofny6zA6hfQQFWZv3g,2
656,QuSwbnrL4kZMlxAYE8OLLw,2
657,qZj7jA-bMNQ7nYtapz-hUg,1
658,QZQEkO1KlhcfM7fwIARBcw,2
659,QZwwWxlpm8XjKFKaYkPYgg,2
660,R-QrzVOkvt2JSfeujmznJw,2
661,r0NwZg8xl969GxGnP6vzTQ,1
662,r0VAjzQOZeSnwcBxHIW-zQ,2
663,r1xIPvGu-DJNpdPaKG4loA,2
664,r2yKNdidODyWyLok7y3ecQ,2
665,R3nR6UMrueKItohfld6-Pg,2
666,r3UOsMufNWoc1REXIjSnAw,2
667,R6WTG5RPQyvvfavQ6SRN3w,2
668,R9dw19ZH483ZBJqvmqhR_Q,2
669,R9wLWNCgY9XcNkbJyua8DQ,1
670,rae693W2gFxk7DkjGWi2rQ,2
671,rAEF_eB428ZEaggeanJCvQ,1
672,RATOBIh0XBjfJb0Td1diDQ,1
673,rbL9S5GjsvITsr7-eF7CdA,1
674,rc0QUa5m3itCv9l_Jhdrbw,2
675,Rc5vNQ1PhOLeTA4ck58-tA,2
676,RcC7QiSW8NBHuNmy3Eq1KA,2
677,Re7zkSPnmt6CNdFfZMYxXw,2
678,reT86ECyo6QSe54GoBrGlQ,2
679,rfxBGf_saIpr6pR9M7Saqg,2
680,rg_Fc2BzQ63Qk5iLLstD6g,2
681,RHetMOOvrRQjjFdNH8SVCA,2
682,rHu69pXtlbNNLGV7FKL4BQ,2
683,rjrpE9IdOXkZQ5YN_IKn3w,2
684,rkOjYfLxZv1StF-022rxYQ,2
685,RKuMEjjtiQWFXVsN3iwjGw,2
686,ROk6gg_WhIJrqMu0s82Dkg,2
687,RQCsOV3PVMdytSkx5P16Nw,1
688,rtCCjEpusnJaS5-ObRx4Eg,2
689,rtEIj_llsJ__r-tbLASC5w,2
690,rtTbnF2_3j330huhqtqV6w,2
691,rTtNJo5XAfKH-OSJb0MeFw,1
692,RtZnh8N6cNmIHyNV8TE_ww,1
693,rUvo5Y2HktXtyqxl19bxPQ,2
694,RvC8xRJzSyeadqelJgFX_A,1
695,RweJsdwC_ay1oRDTREoY_w,2
696,RXJW0LmilUD_VLaHBRoFiw,1
697,RyFPbIotTnIEcRo5faCavw,2
698,RYxjzKVhzIE8M5R34ePsaQ,2
699,Rz1Z9E2JjoI69dt1be20Vw,2
700,RzLEqlD9gtqj_x1SMwPgAw,2
701,rZTEVi8IS4k00PCLuUo9Pw,1
702,S2-V3SVfOESv9HdPZIVb_g,2
703,s2U8C2Gs_61CPQAQGNNuZA,1
704,s3EwnVaXYWBGPE-vRDsBqg,2
705,s49tQ_ogwBW1yOGM9nDhvQ,2
706,s5WAy2MgmkMRwWNZm9un9A,2
707,SAm8Xo6zb6lKoR8D6GMLtQ,2
708,saO7L7tsWuMIC6avzvnKsg,2
709,sb8TpmRPRPf6jdTqT6Ia9Q,1
710,SC6UO-Qrfw5z7lW9mUSVzA,1
711,Scl1jYypjXwo-P861uZgHw,2
712,sFIV-wJGttnt3Oc1_AcxaA,2
713,ShfWYqXqTMUJaPvjhJxKGA,2
714,Skr9RCb9Byq9F4sQziT0bQ,2
715,skztBQ9PDAN-qk5WLCSQPg,2
716,sL3HVWP-KFY7HR9GrMtiEw,2
717,SQKOZfS01J3sCNmJwtFcTg,2
718,SRXZ9Z72cn9WO5OJ83YQEQ,2
719,Ss23MCfYCX7O55DMKuTxUA,2
720,sswp1v-cEoTVAWd39w9q8w,2
721,swsTIjFAEI6tk_EFfum_dQ,2
722,SX1b9uMF0f6iFsEyEXV0Qw,1
723,sYZ7dlMZmN_m9nk3yi4CUg,2
724,t4g_ApdbTxllv6CHSMXkLg,2
725,T9cepZcIXZ27BZKsEI3mYQ,2
726,Ta5ooZv94V0mCIMOczYAMw,2
727,tAQD7xpP7fknU-J3qqbtnQ,2
728,TaU-1W2wZlPz8nHcZTscNQ,2
729,TazgxmIil9XyDrp_9odRzw,2
730,tB3yKfjlOdZDpRIb91Oiow,2
731,tC5GNKp8UypTk3EpfWOeZg,2
732,tdl-FD9Y63H_EcA_WSaYew,2
733,tdwaYjGcQbnPChIMl0Kwvw,1
734,TFay0hL1F5gT_RLoEZ_loA,2
735,thR3sjIgbrh8gjV6z20qQw,2
736,TIHOooG0kQnI2ZXgzc0ZvA,2
737,tINJmIzSaNlaf_IWUDs_qQ,2
738,TNhKNhQaeEZtK48OoZiDxw,1
739,ToWyn4N-a5yuoP1hrN8O_Q,1
740,tPpPgHXcfcuyrLBS1xsnGA,1
741,tqd_97u5guHBF0VN3zizIw,2
742,TQlTIPm26z2TgK2zFLDotw,2
743,tQXv6b1arHLBBDlLWmj_lw,1
744,trLqJrT6XKG5J4sGSfkULA,2
745,tSBTwNWhHHkTbqHMgTIgPw,2
746,ttM3i3Z08QnV4fPQ4DRYLA,2
747,tuBTOr4iCAD9XFucGQdg_A,2
748,tuPO0Ypiy9w1yloHjhyvPA,2
749,TVk3GcfC9bJP-NA12o7Q9g,1
750,tW-eMd6vnuXCkmPkJyUMHA,2
751,tw81EgOe63O7rWbT28Wj0Q,2
752,TWutm653XWn_hEiH-mpYlA,1
753,TXL1ZOurV8I_0Tak10q2iw,2
754,txQrN2eUPTXLMK1DC-oTKQ,1
755,txSaUqvBGGel-j6obSh9RA,2
756,t_CYnFvjaYu_VhcIKSEGAQ,2
757,T_pNSqR8pq-bemTXiMizVw,2
758,U12RcMzlRGy6bub8QiwHug,1
759,u4PX6UhBPbE7ZpICKK4DDw,2
760,u5vJT3dhEJfjr7h21IC3YA,1
761,U9h80DvwJvCkOMvGE1Ixlg,2
762,u9_CHheDhd0vyax8nBpOOA,2
763,uA4ldzFQPdSsKO6hV_txoA,2
764,ubWAa-kfYlfkiYsBzL3NPw,2
765,Ud4e570WHHoBcdk3-DondA,2
766,uFbojyJBOrqcDIBtEpNVVg,1
767,ugtf7zH9bheYjdIe-62Xiw,2
768,uhaCpnT7iBi4j5Uom97uXQ,2
769,UhSev2hlNyjpcEFGlGPh5Q,2
770,UiUlTq0Hc-zVACV76ypxUg,1
771,uJmH-OS8lHTMYnbS0mDi0w,2
772,ukqZZYdm7lkF5UczXQD42g,1
773,UllLhwdUSQ4pWtrlBy5IWw,2
774,Um2QH17uo_5Ed8zIcimk_A,2
775,UobpwIha_v2AmnDTJFhzKQ,2
776,UOv2Box2uZRFRyTH0k93Tw,2
777,UPsK28iNmJrlw2C4oqIzhA,2
778,uqUbHBcgrQ94U1ojNPOeXg,2
779,UR4ME6iMn9TyuJMC58g6GA,2
780,URPmY6A_yEkDY07vTkSHnQ,2
781,utaSmfDzXDLbTdNSG6rJBQ,2
782,uTjMaGCqKJlPcT8XTFMPfQ,1
783,uTVF42DzIgbbTtCb6mi-xg,2
784,uU3YYEysuBdJZdd7tjxPwg,2
785,UUjIU0s1wMV8-KCempUuXg,1
786,uUucNK2lZrRR57ah47Uxyg,2
787,UvDLEap3mjV9caGQlto93g,2
788,uVKNbqGqDq5Teb8D_gs8qA,2
789,UVW8AG_E7kU4oYCoN0BFvQ,2
790,UXSDW0dpm7J8kd1MOHEY8Q,2
791,uZNXO8oV7Z3gtysPk-eKYQ,2
792,UZxSO21L65jDTL1T-PmjqQ,2
793,v1q7mkLvWvLQO2PTmt5UoQ,1
794,V2c5AqkvXBQWz42HpD11vw,2
795,v6sn7kaoSzkOAqPSgBoXkA,2
796,v8cFU4eJKgVgGYCyovE3kQ,1
797,VaFBjDuzM5JredLpEjVYOA,2
798,VASUv6HzxY4s3Md0O8HlDw,2
799,vbQ43Av1cpOdXHEscxhUeA,2
800,VEB_f7hHO6m7dqbHViF_oQ,2
801,Vex7Jg3a8ivqRZeIEaGdWw,1
802,vfOH7M0IZz4KDiuikEiYSQ,1
803,vFP31m2e-QcuD4bM-u8KYw,1
804,vKd1JL_7Er3utZSgmOwmSw,2
805,vlqC3mYvmmqJNbIlf6phvw,2
806,vO2Y1jXikr7rRfUYJ_MbOQ,2
807,VoEyTW66bcrB_lgWwRlWww,1
808,VOiUUPKZzLn1m_fISTYqaA,1
809,VonVCxN5KYodCYEsf_B5qw,2
810,vQ4gV6Y8YH25qt2zWMPckw,1
811,vqPc8WCNrPpbEqOFCtayPQ,1
812,vQVS83EvIPZ77SgZ4Orzyg,1
813,vSBBckxtuHzLeXX6TToh2Q,2
814,VSUY0wn9p-UHp0Ncha3uNA,1
815,VSV--sX4N6cS3INw34BqxA,2
816,Vt7JM_-fc9LmwrGuDKhxMA,2
817,VUfflugAZa3MxbtzDTGnEA,1
818,vW3iNMhYbpixZS7GDmJbFA,2
819,VWV_E0c8BDTsGfRsq9RZJw,2
820,VWxXn9Pdt96LY-tht5KQQg,1
821,VX3q6cF_ir21a6hbXD4_fQ,1
822,vXjHTwt5eAOC1zCexR42RA,2
823,Vxm-r2Ckw86n1J22fiLnnw,1
824,vYENbh8HAFhNwkSmidQN4w,2
825,vygqAD1AZ_O65meS_zHSnQ,2
826,VZ70plRkzXq_tfWxLeLHYA,2
827,V_dgpL7VuROEpJ6TkNxvag,2
828,V_S02DcVHa1owurKficG7A,1
829,W1DCUK_z9FV_p6iVxSFRLA,2
830,w21CzzTOn4QTyyVbpzz5HA,2
831,W3CVoi1SAx90tgm1SrFKuQ,1
832,WA5c3d6rhjioD3Ri4nCX1A,2
833,WaPkg61GZDYZGDq7rJjJjQ,1
834,WbBBJL1Tykh7UOyr7EEcLw,1
835,wBu3-c8FtemVJIwP_pm5QA,2
836,wCvhlC5tYUA0eiBtrgeFkw,2
837,WdRdVg3-yGJ1uPY1mBDYeQ,2
838,WdZmzRB4jYdvT5rBLPSj0w,2
839,WF9hxCNgulT45d9iu5ZagA,2
840,WFa1MR3aqPPZ7eaJMLyMsw,2
841,wfzEnYUwfCK6bUfIpFh8nw,2
842,wGj0uI_S-ZXIwl--L1hMcg,2
843,WGL6p9sYvScU8NP2dv1qBA,2
844,Wh1mppMjLiP59vC7mcPkfw,2
845,WHR_SaBYMS2S08YM_9EOZg,2
846,whSBoOWq0Yn2f3Yi72YmaA,2
847,WiZoLTeRq2YhlIDLl9LqNw,2
848,wlfEzCovjh_lCwqBHmHvtQ,2
849,wlZuHz4DVMhuPy42o4f8Uw,2
850,WPlz8irj6Gd6irxpu4J3rw,2
851,wQHbWzt3Z4agc81LPNVD1g,2
852,WrhH-gk2ucAxN5rYXhF74A,2
853,WUjhVjVI45fLo6zs5baqpA,2
854,wuug7QTeLvlbxgscsnEYAg,2
855,wWgaR0_yaCPUNfWPM-6Rpw,1
856,wXu_QQ79GE9h2ptF2z_yKA,1
857,Wy_Hy7xZjbsARLaMzNutng,2
858,x0DxfVPblnbIuYsFyczWbA,2
859,X2uV5cM2aQ94NJWvDLwQEA,2
860,X3egAMIhL0hJEayaEXM9qA,2
861,X59w9MNYP5pyzAQnMOPVUA,2
862,X6wczvB8isgTwlNSDOsxqw,2
863,x8B2e8oIuwuefBlPa0L3qw,2
864,xaAdQTHMjnHaCq6qF9QP5g,2
865,xaIqJF9mWKrPwO7UUGBliw,1
866,xAo85kL7LmnLn1PSDNrrYQ,2
867,XaXQEprTY2ARdw0nVrS3XA,2
868,Xb0Y7frP0RoX5p80yP9-jQ,2
869,XbH5Wgj7uWb1wswYADaPxg,2
870,XBSaLYxRKn5omN1OJxChNw,2
871,XEkEKCylAH6W-HHGExkvXw,2
872,XeztA2orWcDXbwFER1rMdA,2
873,xgSUthdclpV5ZLeuIUq12g,2
874,xhqD-K7vXnmHyA9SO1BEiQ,2
875,xJUX9hGa_muyooaVr46aAg,2
876,xKTPkKBdLxiP_CkJ8sBoRQ,2
877,Xku15vJ-v96YklvW40GQ2g,2
878,XLfiav93Dbz51uSVLiymFQ,2
879,XLfqPaMhErYMI2TS88MOkw,1
880,xnhsE7_pWkJZbeal_DbrIQ,2
881,XnvISpRXyyquZ1rZ-Q6Tlw,2
882,xOT2Vr-R7dBGGXOTdPNFGA,2
883,XOVuIVL5JCsmd0dW0fB5og,2
884,XQkY82OVVPAltyB7xn_1LQ,1
885,xqlEa8e0lhLe6wKCUBz7KQ,1
886,xR12FEdUvLfKX6n50t72TA,2
887,XSPr-RZbhhvzQx6Qp6Kvdw,2
888,XtyX_XAIcq0wkqaDg7nOlg,1
889,xuDxUefRGX1tnbYKvvwa5g,2
890,xxyL2pgNiWeC0BHsewvHNQ,1
891,XYmtYA3WZSbgiwbwbi-Dmg,2
892,xZg-IPgnpAWgVBhvtux31w,2
893,X_AgVlQV3kEoE7xIQGzzqg,2
894,Y-LGClivJ01rBHoDbBKhIg,1
895,y0xdDapUAuEmSl02wlGdKA,2
896,y1kDC1-kI4Y0O_mPArwKzw,2
897,y4oAop23TUE-sHPDdZ0I0Q,1
898,Y8007-0_60QdwSGTNVhCPA,2
899,y8pAfURr_iq8kAwBiKQobw,2
900,yaf--Pr8lGpYAsxWFUggaw,2
901,ybBkDrcUhkXDFM_1tdS7rg,2
902,yBsN47_8twZ-cEy-pUldWg,2
903,ye0jFgz7Ft9OgKCrb4GGkQ,2
904,YfR3IOeXX9GWL93bM7Jyog,1
905,YG5a5L-0qVkAdNFENBFn-Q,2
906,Yh-KikZE6NEhhXmLJOUVOA,2
907,yH1Oa4ReeY81ly34BWm9kw,2
908,yhDBVlGMJLY-Jz6SkhzNUQ,2
909,YhWgnpcBH0VUNRrA78McZg,2
910,yjv1q_9Pzkki3ASbWuwiVA,2
911,YKWQbP6B13LT60j9tEEtIg,1
912,YLYrkpdfz0Z-8f8IWGw4Cw,2
913,yO52LhWjK83MqWlWYSKDyQ,2
914,yqH9bESQ2xKe6hcpqPaXQw,2
915,yQRDcEsaCDHp3lXs5Sejag,1
916,YraG8TRzEyLdx3T1o-ZsqQ,1
917,ys1sptMy-XxCXB6-OASUow,2
918,YTCTy0R0IB6vyfTBDKicpA,1
919,yTKjbHZBqRTGlAQuYKMTyQ,2
920,ytQfsZ2_GhyD3Ps4zn0XGQ,1
921,yvBETtyPj7vKqVXJBD9giw,2
922,yvYJELLzaWloqGGswLwbRg,2
923,yVZV2oor1MhnTTjgFMoxdg,2
924,YVzvoZ6cgJnUMu6Ddluk4A,2
925,YwoygbVRxB6V_Ekv7v32TA,1
926,YXADzUpGOlfFL0LOYrO5mQ,2
927,yxGrIUno-mRZ7tZ6QCigwA,2
928,YxoIuVqIPOp6VD6-guBtvQ,2
929,YYisOEJPEJ-mEI6fAFvGSQ,1
930,z-WDgfXfA9gDbhH_qL4KOA,2
931,Z7sWwGi2uHguPY2Fd7ZPIg,1
932,z9cg4HBxdGgJbNc5WhEdpw,1
933,z9gGrtt0jFxU1V4X8WVzCw,2
934,zaiyh1YL1Ph1uPWRKfZHoA,1
935,zb3WkORWIc29etVNHj3_Yg,1
936,zbYMZCnYL-zmdvBQJKouvg,2
937,ZCTCgzratNyrV60x1oi0-w,2
938,ZExexH-GxhY5yKvfG_RhMQ,2
939,zfcpiBTaCHE22d4Lzu5YMg,2
940,ZFSrK_RJgPqFLBfJkEt4mQ,2
941,Zgy_KlPVznhpJqQjReSCGw,2
942,zh4xrwt420r-rxnjLgeO-Q,2
943,ZJAKyCrVebbzMwAY0rL-Tw,2
944,zmIF00s010vFbDKZof4ReA,2
945,ZmpNLUHICxfjttpqK4YV6w,2
946,zoRpw7nQpzgi7KqdH7-W_w,2
947,zOwTVQvsPNqTp9sdUvIBxQ,2
948,zr-1g6jd5Jn9Yk8NWVXBPg,2
949,ZsAA2smNeRXQVR6fNcLAZA,2
950,zsRDX0kV-2nSoaOAJyp7Vg,2
951,ZTn-_wpD8zhdErhViEUUFw,1
952,zuc-WvTe24GmnRHm3vpyIw,2
953,zXR-hty0CWyReRXvTJUFEA,2
954,zXZnG-GMNzfA5s1MuDxnGg,2
955,zZ--4PLrdjPJTrtNDE0cCQ,2
956,_-h7FPwhgR_eCNPWp10MLA,1
957,_09Ffwy2kokhwA5JkqiO3g,2
958,_3pUNt1VMCJdt0a3o_aqvw,2
959,_BFF1XpUKv0YBR81Nx_tpA,2
960,_DLn51w3nGE7r2IiObdCOQ,2
961,_dvXOUIjGfL0vEgXAtoElw,2
962,_GS15BgRdhbOJVd_R_lpvw,2
963,_GS4KGHc18R9tPXcu49XoA,2
964,_HsV6_oohKmk97g3cg9jAQ,2
965,_J8T1fgyaJ3Mp6ZToqS29Q,2
966,_LmRexmLoKFHAxt9wUVpAA,2
967,_NCzO5cx7PutlNhhg7AnNQ,2
968,_PVqCO2zQSNHVNTQEFqodg,2
969,_R3Jy8h8zE9v367WJXTfuQ,2
970,_T60xHNmPbwa6meOsLHcoA,2
971,_wK4gc-n9b0ScxMJPNsIbQ,1
972,_zNIbjTuv1ZPATgyFLhZLQ,2
